WPA_id,new_job,skillup_find_new_job,match_count,target
WPA_151800,1,1,5,1
WPA_150764,1,1,5,1
WPA_150409,1,1,5,1
WPA_149009,1,1,5,1
WPA_2141,1,1,5,1
WPA_152793,1,1,5,1
WPA_1523,1,1,2,1
WPA_147222,1,1,5,1
WPA_1321,1,1,4,1
WPA_144614,1,1,6,1
WPA_145009,1,1,5,1
WPA_143557,1,1,5,1
WPA_144091,1,1,5,1
WPA_142626,1,1,5,1
WPA_142979,1,1,5,1
WPA_141842,1,1,6,1
WPA_141958,1,1,5,1
WPA_140520,1,1,5,1
WPA_140626,1,1,5,1
WPA_140680,1,1,5,1
WPA_140960,1,1,5,1
WPA_137895,1,1,5,1
WPA_137921,1,1,6,1
WPA_138618,1,1,5,1
WPA_138960,1,1,5,1
WPA_140248,1,1,6,1
WPA_137218,1,1,5,1
WPA_137697,1,1,5,1
WPA_133434,1,1,6,1
WPA_131655,1,1,5,1
WPA_129712,1,1,6,1
WPA_130923,1,1,6,1
WPA_128644,1,1,5,1
WPA_128857,1,1,5,1
WPA_129372,1,1,5,1
WPA_127899,1,1,6,1
WPA_127914,1,1,5,1
WPA_126843,1,1,6,1
WPA_125836,1,1,5,1
WPA_124648,1,1,5,1
WPA_2607,1,1,3,1
WPA_122422,1,1,5,1
WPA_122973,1,1,6,1
WPA_121793,1,1,5,1
WPA_121919,1,1,6,1
WPA_119827,1,1,6,1
WPA_120966,1,1,5,1
WPA_121217,1,1,5,1
WPA_118225,1,1,5,1
WPA_115668,1,1,5,1
WPA_116184,1,1,6,1
WPA_114874,1,1,5,1
WPA_114912,1,1,5,1
WPA_113402,1,1,5,1
WPA_113471,1,1,5,1
WPA_114096,1,1,6,1
WPA_113358,1,1,6,1
WPA_110955,1,1,6,1
WPA_111874,1,1,5,1
WPA_110475,1,1,6,1
WPA_109349,1,1,5,1
WPA_109879,1,1,6,1
WPA_109027,1,1,6,1
WPA_109030,1,1,5,1
WPA_107875,1,1,5,1
WPA_106897,1,1,5,1
WPA_106913,1,1,5,1
WPA_107357,1,1,5,1
WPA_107397,1,1,5,1
WPA_105633,1,1,5,1
WPA_105683,1,1,5,1
WPA_106614,1,1,6,1
WPA_106746,1,1,5,1
WPA_4732,1,1,3,1
WPA_4211,1,1,5,1
WPA_104690,1,1,6,1
WPA_105459,1,1,6,1
WPA_103280,1,1,5,1
WPA_104289,1,1,5,1
WPA_102786,1,1,5,1
WPA_100759,1,1,6,1
WPA_101209,1,1,5,1
WPA_100393,1,1,5,1
WPA_100636,1,1,6,1
WPA_98516,1,1,5,1
WPA_98632,1,1,6,1
WPA_98673,1,1,1,1
WPA_98134,1,1,4,1
WPA_98269,1,1,6,1
WPA_98384,1,1,5,1
WPA_97279,1,1,5,1
WPA_97540,1,1,6,1
WPA_97617,1,1,5,1
WPA_96898,1,1,6,1
WPA_96575,1,1,2,1
WPA_95722,1,1,5,1
WPA_95342,1,1,2,1
WPA_95410,1,1,5,1
WPA_95499,1,1,4,1
WPA_94921,1,1,2,1
WPA_95136,1,1,6,1
WPA_95142,1,1,6,1
WPA_94622,1,1,3,1
WPA_93981,1,1,2,1
WPA_94502,1,1,1,1
WPA_6165,1,1,6,1
WPA_5670,1,1,3,1
WPA_5402,1,1,5,1
WPA_93180,1,1,5,1
WPA_93361,1,1,5,1
WPA_92947,1,1,1,1
WPA_92478,1,1,4,1
WPA_92610,1,1,3,1
WPA_92615,1,1,5,1
WPA_92329,1,1,4,1
WPA_91782,1,1,2,1
WPA_91790,1,1,4,1
WPA_91910,1,1,1,1
WPA_91519,1,1,6,1
WPA_91044,1,1,5,1
WPA_90825,1,1,5,1
WPA_90628,1,1,3,1
WPA_89738,1,1,4,1
WPA_89794,1,1,5,1
WPA_89875,1,1,5,1
WPA_89597,1,1,3,1
WPA_89678,1,1,5,1
WPA_88375,1,1,5,1
WPA_88459,1,1,1,1
WPA_88120,1,1,3,1
WPA_88159,1,1,4,1
WPA_87724,1,1,2,1
WPA_87009,1,1,5,1
WPA_87127,1,1,6,1
WPA_86555,1,1,2,1
WPA_86426,1,1,3,1
WPA_85843,1,1,5,1
WPA_85926,1,1,2,1
WPA_85951,1,1,3,1
WPA_85991,1,1,5,1
WPA_85508,1,1,3,1
WPA_85519,1,1,5,1
WPA_85625,1,1,5,1
WPA_85666,1,1,6,1
WPA_84078,1,1,5,1
WPA_84301,1,1,3,1
WPA_83858,1,1,2,1
WPA_83332,1,1,5,1
WPA_83185,1,1,2,1
WPA_82845,1,1,6,1
WPA_82510,1,1,4,1
WPA_81610,1,1,4,1
WPA_81291,1,1,2,1
WPA_80540,1,1,5,1
WPA_80626,1,1,5,1
WPA_79095,1,1,5,1
WPA_78856,1,1,3,1
WPA_78947,1,1,4,1
WPA_78987,1,1,2,1
WPA_79000,1,1,4,1
WPA_77978,1,1,5,1
WPA_77633,1,1,4,1
WPA_77834,1,1,6,1
WPA_77271,1,1,5,1
WPA_77024,1,1,1,1
WPA_77028,1,1,1,1
WPA_76515,1,1,3,1
WPA_75883,1,1,6,1
WPA_76023,1,1,5,1
WPA_75544,1,1,1,1
WPA_75592,1,1,2,1
WPA_75656,1,1,4,1
WPA_8624,1,1,4,1
WPA_75235,1,1,4,1
WPA_75256,1,1,1,1
WPA_75356,1,1,4,1
WPA_74940,1,1,2,1
WPA_75103,1,1,2,1
WPA_74789,1,1,1,1
WPA_73607,1,1,5,1
WPA_73192,1,1,2,1
WPA_73173,1,1,1,1
WPA_72272,1,1,5,1
WPA_72399,1,1,4,1
WPA_71912,1,1,5,1
WPA_72193,1,1,5,1
WPA_71427,1,1,2,1
WPA_70765,1,1,3,1
WPA_71049,1,1,4,1
WPA_70513,1,1,1,1
WPA_70581,1,1,5,1
WPA_70072,1,1,6,1
WPA_70137,1,1,3,1
WPA_69887,1,1,5,1
WPA_69407,1,1,3,1
WPA_69602,1,1,4,1
WPA_68781,1,1,5,1
WPA_68985,1,1,4,1
WPA_68514,1,1,4,1
WPA_67958,1,1,1,1
WPA_68361,1,1,3,1
WPA_67735,1,1,6,1
WPA_67750,1,1,6,1
WPA_67830,1,1,1,1
WPA_67320,1,1,3,1
WPA_67524,1,1,3,1
WPA_66866,1,1,5,1
WPA_67283,1,1,4,1
WPA_66397,1,1,5,1
WPA_66607,1,1,4,1
WPA_66143,1,1,3,1
WPA_64616,1,1,2,1
WPA_64380,1,1,3,1
WPA_64560,1,1,6,1
WPA_64172,1,1,4,1
WPA_63651,1,1,1,1
WPA_63112,1,1,5,1
WPA_62736,1,1,5,1
WPA_62833,1,1,2,1
WPA_62487,1,1,5,1
WPA_61705,1,1,4,1
WPA_61806,1,1,3,1
WPA_60487,1,1,5,1
WPA_60506,1,1,6,1
WPA_60564,1,1,2,1
WPA_60366,1,1,5,1
WPA_60442,1,1,4,1
WPA_60252,1,1,2,1
WPA_59656,1,1,5,1
WPA_59829,1,1,6,1
WPA_59872,1,1,5,1
WPA_58843,1,1,1,1
WPA_10500,1,1,3,1
WPA_9804,1,1,5,1
WPA_9903,1,1,2,1
WPA_58570,1,1,3,1
WPA_58434,1,1,5,1
WPA_58046,1,1,6,1
WPA_57379,1,1,5,1
WPA_57013,1,1,3,1
WPA_57081,1,1,3,1
WPA_56676,1,1,2,1
WPA_56552,1,1,4,1
WPA_55725,1,1,5,1
WPA_56001,1,1,1,1
WPA_55660,1,1,4,1
WPA_54252,1,1,4,1
WPA_54257,1,1,3,1
WPA_54414,1,1,4,1
WPA_53177,1,1,4,1
WPA_53030,1,1,4,1
WPA_53086,1,1,2,1
WPA_52614,1,1,4,1
WPA_52653,1,1,6,1
WPA_51326,1,1,2,1
WPA_50919,1,1,4,1
WPA_50369,1,1,4,1
WPA_50012,1,1,5,1
WPA_49410,1,1,5,1
WPA_49411,1,1,3,1
WPA_48967,1,1,4,1
WPA_48215,1,1,5,1
WPA_47593,1,1,4,1
WPA_47646,1,1,5,1
WPA_47675,1,1,4,1
WPA_47763,1,1,2,1
WPA_47212,1,1,4,1
WPA_47465,1,1,3,1
WPA_46895,1,1,2,1
WPA_46901,1,1,3,1
WPA_46502,1,1,6,1
WPA_46710,1,1,5,1
WPA_45687,1,1,5,1
WPA_45884,1,1,3,1
WPA_45250,1,1,2,1
WPA_44896,1,1,4,1
WPA_44115,1,1,4,1
WPA_44267,1,1,2,1
WPA_43924,1,1,6,1
WPA_44021,1,1,1,1
WPA_43745,1,1,6,1
WPA_43109,1,1,5,1
WPA_42599,1,1,3,1
WPA_42170,1,1,2,1
WPA_40564,1,1,1,1
WPA_40258,1,1,6,1
WPA_40137,1,1,6,1
WPA_39692,1,1,5,1
WPA_39695,1,1,5,1
WPA_39820,1,1,2,1
WPA_39833,1,1,4,1
WPA_39321,1,1,4,1
WPA_38993,1,1,3,1
WPA_39214,1,1,1,1
WPA_39274,1,1,3,1
WPA_38704,1,1,5,1
WPA_38845,1,1,5,1
WPA_38615,1,1,4,1
WPA_12705,1,1,5,1
WPA_38085,1,1,4,1
WPA_38185,1,1,2,1
WPA_37490,1,1,4,1
WPA_37572,1,1,5,1
WPA_37692,1,1,2,1
WPA_37738,1,1,3,1
WPA_36943,1,1,2,1
WPA_37163,1,1,2,1
WPA_35531,1,1,4,1
WPA_35786,1,1,4,1
WPA_35308,1,1,3,1
WPA_35086,1,1,2,1
WPA_34850,1,1,4,1
WPA_34473,1,1,3,1
WPA_33879,1,1,3,1
WPA_33882,1,1,5,1
WPA_33931,1,1,4,1
WPA_34003,1,1,3,1
WPA_33587,1,1,2,1
WPA_33306,1,1,2,1
WPA_33113,1,1,3,1
WPA_32800,1,1,6,1
WPA_32348,1,1,5,1
WPA_32565,1,1,1,1
WPA_32137,1,1,5,1
WPA_31480,1,1,4,1
WPA_31764,1,1,4,1
WPA_31126,1,1,4,1
WPA_13631,1,1,2,1
WPA_30742,1,1,2,1
WPA_30773,1,1,2,1
WPA_30590,1,1,4,1
WPA_30226,1,1,1,1
WPA_29626,1,1,5,1
WPA_29744,1,1,2,1
WPA_28791,1,1,6,1
WPA_26941,1,1,1,1
WPA_24328,1,1,1,1
WPA_23010,1,1,6,1
WPA_22471,1,1,6,1
WPA_22061,1,1,4,1
WPA_21513,1,1,4,1
WPA_21532,1,1,5,1
WPA_17038,1,1,3,1
WPA_16755,1,1,1,1
WPA_16180,1,1,2,1
WPA_15666,1,1,5,1
WPA_15869,1,1,3,1
WPA_14962,1,1,5,1
WPA_819,1,1,1,1
WPA_149115,1,1,6,1
WPA_153867,1,1,5,1
WPA_152411,1,1,5,1
WPA_156994,1,1,5,1
WPA_928,1,0,2,0
WPA_1438,1,0,6,0
WPA_343,1,0,5,0
WPA_353,1,0,6,0
WPA_368,1,0,6,0
WPA_371,1,0,1,0
WPA_373,1,0,6,0
WPA_236,1,0,3,0
WPA_407,1,0,6,0
WPA_415,1,0,3,0
WPA_444,1,0,6,0
WPA_455,1,0,6,0
WPA_466,1,0,4,0
WPA_537,1,0,4,0
WPA_598,1,0,6,0
WPA_609,1,0,3,0
WPA_622,1,0,6,0
WPA_697,1,0,5,0
WPA_152332,1,0,5,0
WPA_152373,1,0,5,0
WPA_152489,1,0,5,0
WPA_152599,1,0,6,0
WPA_152648,1,0,6,0
WPA_143438,1,0,5,0
WPA_143899,1,0,5,0
WPA_143991,1,0,6,0
WPA_144177,1,0,6,0
WPA_145021,1,0,5,0
WPA_145219,1,0,5,0
WPA_145675,1,0,5,0
WPA_146031,1,0,5,0
WPA_2359,1,0,4,0
WPA_2378,1,0,6,0
WPA_2380,1,0,3,0
WPA_2444,1,0,6,0
WPA_2455,1,0,4,0
WPA_143270,1,0,6,0
WPA_143290,1,0,5,0
WPA_143326,1,0,6,0
WPA_2189,1,0,6,0
WPA_2214,1,0,0,0
WPA_2218,1,0,4,0
WPA_2221,1,0,2,0
WPA_2222,1,0,3,0
WPA_2257,1,0,1,0
WPA_2288,1,0,5,0
WPA_2304,1,0,6,0
WPA_155753,1,0,5,0
WPA_156258,1,0,5,0
WPA_156360,1,0,5,0
WPA_156552,1,0,6,0
WPA_156706,1,0,6,0
WPA_156930,1,0,6,0
WPA_791,1,0,6,0
WPA_2148,1,0,6,0
WPA_15528,1,0,3,0
WPA_15556,1,0,1,0
WPA_15559,1,0,2,0
WPA_15585,1,0,1,0
WPA_15597,1,0,4,0
WPA_15611,1,0,3,0
WPA_15626,1,0,1,0
WPA_15742,1,0,2,0
WPA_15103,1,0,1,0
WPA_15125,1,0,3,0
WPA_15165,1,0,3,0
WPA_15255,1,0,5,0
WPA_15258,1,0,3,0
WPA_15315,1,0,5,0
WPA_15319,1,0,4,0
WPA_15361,1,0,3,0
WPA_14926,1,0,4,0
WPA_14937,1,0,1,0
WPA_14977,1,0,3,0
WPA_14987,1,0,6,0
WPA_15020,1,0,4,0
WPA_15043,1,0,4,0
WPA_15049,1,0,4,0
WPA_15101,1,0,2,0
WPA_149516,1,0,5,0
WPA_149598,1,0,6,0
WPA_149644,1,0,5,0
WPA_149821,1,0,5,0
WPA_14802,1,0,1,0
WPA_14816,1,0,3,0
WPA_14843,1,0,4,0
WPA_14917,1,0,4,0
WPA_16969,1,0,6,0
WPA_16980,1,0,5,0
WPA_17012,1,0,2,0
WPA_17041,1,0,3,0
WPA_17114,1,0,2,0
WPA_17204,1,0,2,0
WPA_17220,1,0,3,0
WPA_17224,1,0,2,0
WPA_16617,1,0,5,0
WPA_16637,1,0,3,0
WPA_16639,1,0,5,0
WPA_16768,1,0,1,0
WPA_16801,1,0,2,0
WPA_16813,1,0,5,0
WPA_16865,1,0,4,0
WPA_16884,1,0,4,0
WPA_16389,1,0,4,0
WPA_16393,1,0,3,0
WPA_16425,1,0,0,0
WPA_16500,1,0,5,0
WPA_16546,1,0,3,0
WPA_16568,1,0,5,0
WPA_16586,1,0,2,0
WPA_16604,1,0,5,0
WPA_15764,1,0,4,0
WPA_15963,1,0,1,0
WPA_16068,1,0,3,0
WPA_16202,1,0,5,0
WPA_16229,1,0,2,0
WPA_16255,1,0,4,0
WPA_16292,1,0,2,0
WPA_16322,1,0,1,0
WPA_18293,1,0,3,0
WPA_18405,1,0,4,0
WPA_18462,1,0,3,0
WPA_18575,1,0,4,0
WPA_18613,1,0,3,0
WPA_18626,1,0,5,0
WPA_18690,1,0,2,0
WPA_18770,1,0,3,0
WPA_17838,1,0,2,0
WPA_17878,1,0,4,0
WPA_17881,1,0,0,0
WPA_17937,1,0,3,0
WPA_17966,1,0,6,0
WPA_18055,1,0,2,0
WPA_18257,1,0,2,0
WPA_18284,1,0,1,0
WPA_17514,1,0,4,0
WPA_17560,1,0,6,0
WPA_17639,1,0,6,0
WPA_17640,1,0,5,0
WPA_17683,1,0,3,0
WPA_17700,1,0,2,0
WPA_17743,1,0,3,0
WPA_17806,1,0,4,0
WPA_17230,1,0,3,0
WPA_17249,1,0,4,0
WPA_17266,1,0,4,0
WPA_17297,1,0,4,0
WPA_17319,1,0,4,0
WPA_17348,1,0,3,0
WPA_17401,1,0,3,0
WPA_17472,1,0,2,0
WPA_20047,1,0,5,0
WPA_20133,1,0,2,0
WPA_20151,1,0,5,0
WPA_20194,1,0,5,0
WPA_20210,1,0,6,0
WPA_20221,1,0,4,0
WPA_20226,1,0,3,0
WPA_20301,1,0,1,0
WPA_19659,1,0,2,0
WPA_19688,1,0,4,0
WPA_19759,1,0,6,0
WPA_19764,1,0,4,0
WPA_19812,1,0,5,0
WPA_19914,1,0,3,0
WPA_20021,1,0,0,0
WPA_20046,1,0,3,0
WPA_19326,1,0,3,0
WPA_19337,1,0,1,0
WPA_19412,1,0,4,0
WPA_19414,1,0,4,0
WPA_19433,1,0,6,0
WPA_19548,1,0,2,0
WPA_19559,1,0,6,0
WPA_19606,1,0,2,0
WPA_18808,1,0,4,0
WPA_18893,1,0,4,0
WPA_18946,1,0,6,0
WPA_18976,1,0,6,0
WPA_19055,1,0,3,0
WPA_19072,1,0,3,0
WPA_19203,1,0,5,0
WPA_19292,1,0,3,0
WPA_21559,1,0,5,0
WPA_21637,1,0,1,0
WPA_21645,1,0,4,0
WPA_21665,1,0,4,0
WPA_21686,1,0,4,0
WPA_21689,1,0,4,0
WPA_21738,1,0,4,0
WPA_21752,1,0,4,0
WPA_21278,1,0,5,0
WPA_21393,1,0,4,0
WPA_21425,1,0,4,0
WPA_21433,1,0,4,0
WPA_21450,1,0,2,0
WPA_21469,1,0,4,0
WPA_21483,1,0,3,0
WPA_21502,1,0,2,0
WPA_20794,1,0,6,0
WPA_20824,1,0,5,0
WPA_21017,1,0,5,0
WPA_21122,1,0,3,0
WPA_21176,1,0,5,0
WPA_21182,1,0,4,0
WPA_21237,1,0,1,0
WPA_21270,1,0,2,0
WPA_20321,1,0,3,0
WPA_20337,1,0,3,0
WPA_20439,1,0,3,0
WPA_20600,1,0,5,0
WPA_20609,1,0,5,0
WPA_20620,1,0,4,0
WPA_20710,1,0,3,0
WPA_20727,1,0,1,0
WPA_22560,1,0,4,0
WPA_22613,1,0,5,0
WPA_22624,1,0,0,0
WPA_22661,1,0,5,0
WPA_22682,1,0,3,0
WPA_22688,1,0,4,0
WPA_22698,1,0,2,0
WPA_22768,1,0,6,0
WPA_22336,1,0,4,0
WPA_22365,1,0,1,0
WPA_22380,1,0,3,0
WPA_22403,1,0,5,0
WPA_22476,1,0,3,0
WPA_22494,1,0,3,0
WPA_22521,1,0,2,0
WPA_22543,1,0,5,0
WPA_22107,1,0,5,0
WPA_22116,1,0,1,0
WPA_22119,1,0,3,0
WPA_22169,1,0,5,0
WPA_22217,1,0,6,0
WPA_22233,1,0,1,0
WPA_22238,1,0,4,0
WPA_22322,1,0,5,0
WPA_21810,1,0,5,0
WPA_21826,1,0,6,0
WPA_21869,1,0,3,0
WPA_21878,1,0,6,0
WPA_21893,1,0,4,0
WPA_21925,1,0,5,0
WPA_21961,1,0,5,0
WPA_22093,1,0,4,0
WPA_23749,1,0,4,0
WPA_23789,1,0,3,0
WPA_23827,1,0,4,0
WPA_23866,1,0,4,0
WPA_23935,1,0,4,0
WPA_23947,1,0,4,0
WPA_23978,1,0,6,0
WPA_24140,1,0,3,0
WPA_23431,1,0,6,0
WPA_23500,1,0,5,0
WPA_23556,1,0,6,0
WPA_23590,1,0,3,0
WPA_23634,1,0,0,0
WPA_23679,1,0,3,0
WPA_23716,1,0,4,0
WPA_23725,1,0,0,0
WPA_23062,1,0,3,0
WPA_23109,1,0,1,0
WPA_23187,1,0,4,0
WPA_23241,1,0,6,0
WPA_23266,1,0,3,0
WPA_23319,1,0,1,0
WPA_23377,1,0,3,0
WPA_23384,1,0,5,0
WPA_22819,1,0,2,0
WPA_22838,1,0,4,0
WPA_22839,1,0,2,0
WPA_22864,1,0,5,0
WPA_22906,1,0,0,0
WPA_22935,1,0,3,0
WPA_22970,1,0,5,0
WPA_23046,1,0,3,0
WPA_24986,1,0,5,0
WPA_25025,1,0,6,0
WPA_25042,1,0,1,0
WPA_25045,1,0,0,0
WPA_25144,1,0,6,0
WPA_25153,1,0,5,0
WPA_25209,1,0,2,0
WPA_25242,1,0,5,0
WPA_24728,1,0,2,0
WPA_24818,1,0,4,0
WPA_24858,1,0,0,0
WPA_24880,1,0,5,0
WPA_24958,1,0,4,0
WPA_24961,1,0,3,0
WPA_24964,1,0,5,0
WPA_24968,1,0,6,0
WPA_24448,1,0,2,0
WPA_24457,1,0,3,0
WPA_24478,1,0,6,0
WPA_24513,1,0,3,0
WPA_24519,1,0,5,0
WPA_24624,1,0,5,0
WPA_24686,1,0,5,0
WPA_24699,1,0,5,0
WPA_24145,1,0,4,0
WPA_24152,1,0,1,0
WPA_24301,1,0,3,0
WPA_24333,1,0,5,0
WPA_24346,1,0,5,0
WPA_24364,1,0,2,0
WPA_24371,1,0,6,0
WPA_24445,1,0,5,0
WPA_26499,1,0,1,0
WPA_26553,1,0,4,0
WPA_26570,1,0,2,0
WPA_26596,1,0,2,0
WPA_26687,1,0,5,0
WPA_26701,1,0,4,0
WPA_26711,1,0,4,0
WPA_26789,1,0,4,0
WPA_25957,1,0,6,0
WPA_26107,1,0,5,0
WPA_26143,1,0,4,0
WPA_26166,1,0,3,0
WPA_26189,1,0,5,0
WPA_26197,1,0,2,0
WPA_26229,1,0,4,0
WPA_26353,1,0,4,0
WPA_25587,1,0,2,0
WPA_25588,1,0,0,0
WPA_25606,1,0,2,0
WPA_25634,1,0,4,0
WPA_25642,1,0,2,0
WPA_25802,1,0,4,0
WPA_25831,1,0,2,0
WPA_25909,1,0,5,0
WPA_25372,1,0,5,0
WPA_25379,1,0,4,0
WPA_25399,1,0,5,0
WPA_25407,1,0,4,0
WPA_25458,1,0,3,0
WPA_25493,1,0,5,0
WPA_25544,1,0,2,0
WPA_25562,1,1,0,0
WPA_27686,1,0,2,0
WPA_27689,1,0,3,0
WPA_27691,1,0,6,0
WPA_27716,1,0,4,0
WPA_27747,1,0,0,0
WPA_27825,1,0,4,0
WPA_27861,1,0,2,0
WPA_27879,1,0,4,0
WPA_27394,1,0,3,0
WPA_27446,1,0,4,0
WPA_27466,1,0,5,0
WPA_27482,1,0,2,0
WPA_27617,1,0,5,0
WPA_27634,1,0,0,0
WPA_27640,1,0,2,0
WPA_27649,1,0,4,0
WPA_27117,1,0,3,0
WPA_27135,1,0,3,0
WPA_27168,1,0,5,0
WPA_27214,1,0,4,0
WPA_27245,1,0,4,0
WPA_27247,1,0,2,0
WPA_27265,1,0,4,0
WPA_27338,1,0,4,0
WPA_26824,1,0,4,0
WPA_26829,1,0,3,0
WPA_26835,1,0,6,0
WPA_26882,1,0,2,0
WPA_26884,1,0,2,0
WPA_26904,1,0,2,0
WPA_26994,1,1,0,0
WPA_27044,1,0,2,0
WPA_28974,1,0,5,0
WPA_28983,1,0,2,0
WPA_29000,1,0,4,0
WPA_29004,1,0,2,0
WPA_29023,1,0,5,0
WPA_29072,1,0,2,0
WPA_29085,1,0,5,0
WPA_29092,1,0,4,0
WPA_28607,1,0,3,0
WPA_28654,1,0,6,0
WPA_28747,1,0,2,0
WPA_28812,1,0,4,0
WPA_28851,1,0,2,0
WPA_28929,1,0,1,0
WPA_28935,1,0,2,0
WPA_28962,1,0,1,0
WPA_28324,1,0,2,0
WPA_28330,1,0,4,0
WPA_28342,1,0,6,0
WPA_28385,1,0,4,0
WPA_28394,1,0,3,0
WPA_28406,1,0,4,0
WPA_28420,1,0,4,0
WPA_28503,1,0,4,0
WPA_27915,1,0,5,0
WPA_27935,1,1,0,0
WPA_27977,1,0,0,0
WPA_28028,1,0,4,0
WPA_28072,1,0,3,0
WPA_28103,1,0,2,0
WPA_28169,1,0,1,0
WPA_28181,1,0,4,0
WPA_30148,1,0,1,0
WPA_30175,1,0,6,0
WPA_30196,1,0,3,0
WPA_30269,1,0,3,0
WPA_30279,1,0,4,0
WPA_30282,1,0,2,0
WPA_30296,1,0,3,0
WPA_30303,1,0,3,0
WPA_29973,1,0,5,0
WPA_30041,1,0,0,0
WPA_30069,1,0,4,0
WPA_30085,1,0,2,0
WPA_30114,1,0,4,0
WPA_30133,1,0,4,0
WPA_30145,1,0,1,0
WPA_30146,1,0,2,0
WPA_29682,1,0,2,0
WPA_29716,1,0,2,0
WPA_29789,1,0,2,0
WPA_29800,1,0,2,0
WPA_29804,1,0,5,0
WPA_29826,1,0,4,0
WPA_29915,1,0,3,0
WPA_29919,1,0,3,0
WPA_29126,1,0,3,0
WPA_29167,1,0,3,0
WPA_29425,1,0,5,0
WPA_29448,1,0,2,0
WPA_29506,1,0,4,0
WPA_29535,1,0,4,0
WPA_29552,1,0,5,0
WPA_29625,1,0,3,0
WPA_14008,1,0,4,0
WPA_14048,1,0,5,0
WPA_14058,1,0,2,0
WPA_14111,1,0,0,0
WPA_14153,1,0,4,0
WPA_14180,1,0,5,0
WPA_14189,1,0,2,0
WPA_14191,1,0,3,0
WPA_13489,1,0,2,0
WPA_13496,1,0,5,0
WPA_13504,1,0,4,0
WPA_13527,1,0,3,0
WPA_13695,1,0,5,0
WPA_13706,1,0,2,0
WPA_13794,1,0,4,0
WPA_13830,1,0,6,0
WPA_30603,1,0,5,0
WPA_30612,1,0,2,0
WPA_30615,1,0,3,0
WPA_30619,1,0,1,0
WPA_30655,1,0,3,0
WPA_30674,1,0,5,0
WPA_30736,1,0,3,0
WPA_30808,1,0,2,0
WPA_30325,1,0,6,0
WPA_30398,1,0,3,0
WPA_30410,1,0,4,0
WPA_30478,1,0,6,0
WPA_30485,1,0,5,0
WPA_30501,1,0,1,0
WPA_30512,1,0,2,0
WPA_30543,1,0,3,0
WPA_31255,1,0,2,0
WPA_31269,1,0,4,0
WPA_31327,1,0,3,0
WPA_31363,1,1,0,0
WPA_31432,1,0,4,0
WPA_31459,1,0,4,0
WPA_31492,1,0,4,0
WPA_31528,1,0,5,0
WPA_30885,1,0,3,0
WPA_30948,1,0,5,0
WPA_31012,1,0,5,0
WPA_31021,1,0,0,0
WPA_31129,1,0,2,0
WPA_31191,1,0,4,0
WPA_31195,1,0,6,0
WPA_31239,1,0,2,0
WPA_14595,1,0,1,0
WPA_14600,1,0,4,0
WPA_14646,1,0,1,0
WPA_14653,1,0,4,0
WPA_14676,1,0,4,0
WPA_14745,1,0,3,0
WPA_14792,1,0,4,0
WPA_30815,1,0,4,0
WPA_14253,1,0,3,0
WPA_14291,1,0,5,0
WPA_14310,1,0,2,0
WPA_14320,1,0,4,0
WPA_14431,1,0,3,0
WPA_14434,1,0,0,0
WPA_14538,1,0,5,0
WPA_14594,1,0,2,0
WPA_32677,1,0,4,0
WPA_32680,1,0,5,0
WPA_32769,1,0,1,0
WPA_32832,1,0,6,0
WPA_32833,1,0,2,0
WPA_32843,1,0,2,0
WPA_32882,1,0,6,0
WPA_32915,1,0,5,0
WPA_32122,1,0,2,0
WPA_32131,1,0,5,0
WPA_32209,1,0,5,0
WPA_32307,1,0,5,0
WPA_32345,1,0,2,0
WPA_32433,1,0,3,0
WPA_32533,1,0,1,0
WPA_32548,1,0,2,0
WPA_31941,1,0,6,0
WPA_31952,1,0,4,0
WPA_31967,1,0,5,0
WPA_32003,1,0,3,0
WPA_32007,1,0,5,0
WPA_32046,1,0,2,0
WPA_32074,1,0,2,0
WPA_32079,1,0,5,0
WPA_31663,1,0,6,0
WPA_31707,1,0,5,0
WPA_31709,1,0,3,0
WPA_31750,1,0,5,0
WPA_31770,1,0,1,0
WPA_31776,1,0,6,0
WPA_31816,1,0,6,0
WPA_31906,1,0,2,0
WPA_34149,1,0,6,0
WPA_34184,1,0,4,0
WPA_34233,1,0,2,0
WPA_34306,1,0,4,0
WPA_34372,1,0,2,0
WPA_34431,1,0,5,0
WPA_34471,1,0,2,0
WPA_34522,1,0,5,0
WPA_33508,1,0,2,0
WPA_33525,1,0,2,0
WPA_33582,1,0,5,0
WPA_33600,1,0,4,0
WPA_33721,1,0,5,0
WPA_33733,1,0,0,0
WPA_33888,1,0,4,0
WPA_34126,1,0,5,0
WPA_33321,1,0,3,0
WPA_33331,1,0,5,0
WPA_33342,1,0,6,0
WPA_33355,1,0,3,0
WPA_33400,1,0,1,0
WPA_33422,1,0,6,0
WPA_33485,1,0,2,0
WPA_33497,1,0,6,0
WPA_32942,1,0,4,0
WPA_33033,1,0,1,0
WPA_33075,1,0,6,0
WPA_33087,1,0,6,0
WPA_33131,1,0,3,0
WPA_33256,1,0,2,0
WPA_33298,1,0,4,0
WPA_33308,1,0,5,0
WPA_35659,1,0,3,0
WPA_35799,1,0,4,0
WPA_35874,1,0,4,0
WPA_35926,1,0,3,0
WPA_35964,1,0,2,0
WPA_35965,1,0,1,0
WPA_35984,1,0,4,0
WPA_36013,1,0,5,0
WPA_35258,1,0,5,0
WPA_35380,1,0,2,0
WPA_35398,1,0,2,0
WPA_35492,1,0,3,0
WPA_35503,1,0,4,0
WPA_35572,1,0,1,0
WPA_35591,1,0,4,0
WPA_35620,1,0,5,0
WPA_35058,1,0,5,0
WPA_35059,1,0,2,0
WPA_35060,1,0,6,0
WPA_35064,1,0,2,0
WPA_35102,1,0,4,0
WPA_35123,1,0,4,0
WPA_35168,1,0,1,0
WPA_35221,1,0,6,0
WPA_34578,1,0,5,0
WPA_34688,1,0,5,0
WPA_34712,1,0,4,0
WPA_34734,1,0,6,0
WPA_34825,1,0,5,0
WPA_34894,1,0,4,0
WPA_34987,1,0,5,0
WPA_34991,1,0,4,0
WPA_37198,1,0,6,0
WPA_37205,1,0,4,0
WPA_37214,1,0,3,0
WPA_37265,1,0,4,0
WPA_37274,1,0,3,0
WPA_37323,1,0,3,0
WPA_37332,1,0,2,0
WPA_37351,1,0,6,0
WPA_36807,1,0,2,0
WPA_36808,1,0,5,0
WPA_36903,1,0,3,0
WPA_36922,1,0,2,0
WPA_36951,1,0,3,0
WPA_37065,1,1,0,0
WPA_37144,1,0,6,0
WPA_37168,1,0,3,0
WPA_36452,1,0,3,0
WPA_36571,1,0,3,0
WPA_36695,1,0,5,0
WPA_36707,1,0,5,0
WPA_36716,1,0,6,0
WPA_36761,1,0,4,0
WPA_36775,1,0,3,0
WPA_36802,1,0,6,0
WPA_36045,1,0,3,0
WPA_36064,1,0,5,0
WPA_36146,1,0,3,0
WPA_36173,1,0,6,0
WPA_36181,1,0,3,0
WPA_36344,1,0,5,0
WPA_36353,1,0,5,0
WPA_36378,1,0,4,0
WPA_11818,1,0,4,0
WPA_11829,1,0,4,0
WPA_11950,1,0,4,0
WPA_11993,1,0,4,0
WPA_12123,1,0,4,0
WPA_12179,1,0,2,0
WPA_12312,1,0,3,0
WPA_12351,1,0,4,0
WPA_38102,1,0,5,0
WPA_38145,1,0,3,0
WPA_38147,1,0,3,0
WPA_11578,1,0,4,0
WPA_11647,1,0,3,0
WPA_11739,1,0,4,0
WPA_11774,1,0,4,0
WPA_11789,1,0,3,0
WPA_37863,1,0,2,0
WPA_37870,1,0,1,0
WPA_37888,1,0,3,0
WPA_38013,1,0,4,0
WPA_38026,1,0,0,0
WPA_38035,1,0,5,0
WPA_38087,1,0,3,0
WPA_38098,1,0,4,0
WPA_37422,1,0,5,0
WPA_37604,1,0,1,0
WPA_37613,1,0,3,0
WPA_37643,1,0,3,0
WPA_37719,1,0,0,0
WPA_37768,1,0,1,0
WPA_37800,1,0,1,0
WPA_37842,1,0,2,0
WPA_38689,1,0,0,0
WPA_38698,1,0,3,0
WPA_38744,1,0,5,0
WPA_38800,1,0,3,0
WPA_38802,1,0,2,0
WPA_38843,1,0,1,0
WPA_38895,1,0,6,0
WPA_38956,1,0,4,0
WPA_13452,1,0,3,0
WPA_13479,1,0,3,0
WPA_38197,1,0,5,0
WPA_38286,1,0,4,0
WPA_38404,1,0,2,0
WPA_38418,1,0,1,0
WPA_38653,1,0,6,0
WPA_38666,1,1,0,0
WPA_13065,1,0,4,0
WPA_13092,1,0,4,0
WPA_13097,1,0,5,0
WPA_13173,1,0,4,0
WPA_13191,1,0,3,0
WPA_13193,1,0,6,0
WPA_13384,1,0,4,0
WPA_13398,1,0,5,0
WPA_12370,1,0,6,0
WPA_12416,1,1,0,0
WPA_12473,1,0,4,0
WPA_12517,1,0,0,0
WPA_12757,1,0,4,0
WPA_12900,1,0,5,0
WPA_12902,1,0,3,0
WPA_13056,1,0,5,0
WPA_40270,1,0,3,0
WPA_40283,1,0,5,0
WPA_40290,1,0,1,0
WPA_40314,1,0,4,0
WPA_40367,1,0,3,0
WPA_40379,1,0,5,0
WPA_40433,1,0,0,0
WPA_40435,1,0,0,0
WPA_40006,1,0,1,0
WPA_40068,1,0,0,0
WPA_40077,1,0,3,0
WPA_40103,1,0,3,0
WPA_40166,1,0,6,0
WPA_40171,1,0,5,0
WPA_40238,1,0,0,0
WPA_40268,1,0,5,0
WPA_39476,1,0,5,0
WPA_39484,1,0,6,0
WPA_39509,1,0,5,0
WPA_39565,1,0,2,0
WPA_39626,1,0,2,0
WPA_39641,1,0,6,0
WPA_39848,1,0,4,0
WPA_39849,1,0,3,0
WPA_38981,1,0,4,0
WPA_39018,1,0,3,0
WPA_39118,1,0,6,0
WPA_39144,1,0,4,0
WPA_39291,1,0,3,0
WPA_39306,1,0,4,0
WPA_39365,1,0,2,0
WPA_39416,1,0,2,0
WPA_41336,1,0,1,0
WPA_41451,1,0,4,0
WPA_41478,1,0,2,0
WPA_41504,1,0,3,0
WPA_41507,1,0,3,0
WPA_41553,1,0,2,0
WPA_41589,1,0,1,0
WPA_41593,1,0,5,0
WPA_41042,1,0,4,0
WPA_41138,1,0,2,0
WPA_41181,1,0,3,0
WPA_41233,1,0,4,0
WPA_41246,1,0,2,0
WPA_41287,1,0,0,0
WPA_41294,1,0,5,0
WPA_41310,1,0,4,0
WPA_40696,1,0,3,0
WPA_40741,1,0,4,0
WPA_40774,1,0,2,0
WPA_40838,1,0,4,0
WPA_40904,1,0,6,0
WPA_40923,1,0,2,0
WPA_40983,1,0,4,0
WPA_41029,1,0,3,0
WPA_40453,1,0,1,0
WPA_40520,1,0,4,0
WPA_40585,1,0,4,0
WPA_40602,1,0,5,0
WPA_40669,1,0,2,0
WPA_40670,1,0,1,0
WPA_40679,1,0,3,0
WPA_40687,1,0,6,0
WPA_42556,1,0,4,0
WPA_42618,1,0,5,0
WPA_42639,1,0,4,0
WPA_42781,1,0,4,0
WPA_42806,1,0,2,0
WPA_42921,1,0,1,0
WPA_42936,1,0,1,0
WPA_42990,1,0,4,0
WPA_42161,1,0,4,0
WPA_42222,1,0,4,0
WPA_42328,1,0,2,0
WPA_42371,1,0,2,0
WPA_42447,1,0,5,0
WPA_42486,1,0,5,0
WPA_42508,1,0,2,0
WPA_42534,1,0,5,0
WPA_41874,1,0,3,0
WPA_41889,1,0,2,0
WPA_41996,1,0,3,0
WPA_42066,1,0,1,0
WPA_42084,1,0,4,0
WPA_42112,1,0,2,0
WPA_42126,1,0,6,0
WPA_42147,1,0,1,0
WPA_41625,1,0,6,0
WPA_41627,1,0,6,0
WPA_41651,1,0,5,0
WPA_41713,1,0,4,0
WPA_41749,1,0,3,0
WPA_41780,1,0,3,0
WPA_41792,1,0,4,0
WPA_41839,1,0,5,0
WPA_44146,1,0,6,0
WPA_44214,1,0,3,0
WPA_44236,1,0,3,0
WPA_44364,1,0,3,0
WPA_44368,1,0,4,0
WPA_44397,1,0,3,0
WPA_44409,1,0,5,0
WPA_44442,1,0,5,0
WPA_43803,1,0,1,0
WPA_43829,1,0,2,0
WPA_43992,1,0,2,0
WPA_44015,1,0,0,0
WPA_44069,1,0,4,0
WPA_44088,1,0,2,0
WPA_44089,1,1,0,0
WPA_44127,1,0,5,0
WPA_43475,1,0,4,0
WPA_43662,1,0,3,0
WPA_43667,1,0,6,0
WPA_43682,1,0,5,0
WPA_43695,1,0,3,0
WPA_43727,1,0,3,0
WPA_43775,1,0,2,0
WPA_43779,1,0,4,0
WPA_43011,1,0,4,0
WPA_43042,1,0,4,0
WPA_43045,1,0,0,0
WPA_43049,1,0,2,0
WPA_43215,1,0,1,0
WPA_43278,1,0,0,0
WPA_43319,1,0,3,0
WPA_43473,1,0,4,0
WPA_45567,1,0,5,0
WPA_45617,1,0,4,0
WPA_45701,1,0,6,0
WPA_45786,1,0,2,0
WPA_45815,1,0,2,0
WPA_45824,1,0,0,0
WPA_45860,1,0,5,0
WPA_45867,1,0,5,0
WPA_45082,1,0,3,0
WPA_45109,1,0,4,0
WPA_45170,1,0,6,0
WPA_45180,1,0,4,0
WPA_45242,1,0,5,0
WPA_45266,1,0,3,0
WPA_45346,1,1,0,0
WPA_45382,1,0,4,0
WPA_44738,1,0,1,0
WPA_44799,1,0,5,0
WPA_44809,1,0,5,0
WPA_44827,1,0,6,0
WPA_44879,1,0,4,0
WPA_44882,1,0,4,0
WPA_44891,1,0,4,0
WPA_44967,1,0,5,0
WPA_44446,1,0,4,0
WPA_44471,1,0,0,0
WPA_44566,1,0,4,0
WPA_44621,1,0,3,0
WPA_44637,1,0,6,0
WPA_44662,1,0,5,0
WPA_44666,1,0,6,0
WPA_44690,1,0,1,0
WPA_10670,1,0,6,0
WPA_10695,1,0,6,0
WPA_10719,1,0,3,0
WPA_10734,1,0,1,0
WPA_10739,1,0,6,0
WPA_10754,1,0,6,0
WPA_10778,1,0,4,0
WPA_10798,1,0,3,0
WPA_46793,1,0,1,0
WPA_46887,1,0,3,0
WPA_46899,1,0,5,0
WPA_46913,1,0,4,0
WPA_10509,1,0,6,0
WPA_10527,1,0,3,0
WPA_10603,1,0,6,0
WPA_10655,1,0,2,0
WPA_46428,1,0,5,0
WPA_46429,1,0,2,0
WPA_46568,1,0,3,0
WPA_46580,1,0,2,0
WPA_46666,1,0,3,0
WPA_46717,1,0,2,0
WPA_46725,1,0,3,0
WPA_46749,1,0,1,0
WPA_45936,1,0,3,0
WPA_45999,1,0,4,0
WPA_46001,1,0,3,0
WPA_46016,1,0,6,0
WPA_46157,1,0,5,0
WPA_46169,1,0,3,0
WPA_46173,1,0,5,0
WPA_46207,1,0,0,0
WPA_47342,1,0,4,0
WPA_47487,1,0,3,0
WPA_47545,1,0,3,0
WPA_47715,1,0,4,0
WPA_47791,1,0,5,0
WPA_47800,1,0,4,0
WPA_47806,1,0,3,0
WPA_47836,1,0,2,0
WPA_11511,1,0,3,0
WPA_11536,1,0,3,0
WPA_11538,1,0,4,0
WPA_11568,1,0,6,0
WPA_47009,1,0,0,0
WPA_47068,1,0,2,0
WPA_47228,1,0,4,0
WPA_47328,1,0,5,0
WPA_11116,1,0,3,0
WPA_11184,1,0,4,0
WPA_11201,1,0,3,0
WPA_11219,1,0,3,0
WPA_11299,1,0,5,0
WPA_11326,1,0,4,0
WPA_11333,1,0,3,0
WPA_11444,1,0,3,0
WPA_10809,1,0,6,0
WPA_10813,1,0,4,0
WPA_10858,1,0,6,0
WPA_10886,1,0,6,0
WPA_10934,1,0,1,0
WPA_10966,1,0,1,0
WPA_11082,1,0,6,0
WPA_11087,1,0,3,0
WPA_49316,1,0,6,0
WPA_49321,1,0,2,0
WPA_49374,1,0,3,0
WPA_49392,1,0,5,0
WPA_49412,1,0,3,0
WPA_49421,1,0,3,0
WPA_49431,1,0,2,0
WPA_49498,1,0,1,0
WPA_48762,1,0,6,0
WPA_48835,1,0,5,0
WPA_48861,1,0,6,0
WPA_49017,1,0,2,0
WPA_49191,1,0,2,0
WPA_49222,1,0,3,0
WPA_49234,1,0,5,0
WPA_49273,1,0,5,0
WPA_48312,1,0,3,0
WPA_48329,1,0,1,0
WPA_48562,1,0,6,0
WPA_48584,1,0,4,0
WPA_48587,1,0,0,0
WPA_48624,1,0,5,0
WPA_48642,1,0,1,0
WPA_48748,1,0,4,0
WPA_47940,1,0,4,0
WPA_47975,1,0,0,0
WPA_48041,1,0,5,0
WPA_48072,1,0,4,0
WPA_48085,1,0,3,0
WPA_48102,1,0,5,0
WPA_48108,1,0,3,0
WPA_48308,1,0,5,0
WPA_50327,1,0,4,0
WPA_50403,1,0,5,0
WPA_50435,1,0,5,0
WPA_50490,1,0,4,0
WPA_50574,1,0,3,0
WPA_50578,1,0,5,0
WPA_50613,1,0,1,0
WPA_50616,1,0,2,0
WPA_50038,1,0,5,0
WPA_50163,1,0,4,0
WPA_50187,1,0,3,0
WPA_50229,1,0,5,0
WPA_50262,1,0,4,0
WPA_50301,1,0,4,0
WPA_50318,1,0,4,0
WPA_50323,1,0,4,0
WPA_49811,1,0,4,0
WPA_49851,1,0,6,0
WPA_49856,1,0,6,0
WPA_49918,1,0,0,0
WPA_49955,1,0,4,0
WPA_50001,1,0,2,0
WPA_50028,1,0,2,0
WPA_50034,1,0,3,0
WPA_49547,1,0,2,0
WPA_49596,1,0,3,0
WPA_49601,1,0,3,0
WPA_49671,1,0,5,0
WPA_49672,1,0,3,0
WPA_49768,1,0,1,0
WPA_49785,1,0,3,0
WPA_49793,1,0,2,0
WPA_51782,1,0,3,0
WPA_51791,1,0,5,0
WPA_51825,1,0,2,0
WPA_51866,1,0,5,0
WPA_51949,1,1,0,0
WPA_51965,1,0,5,0
WPA_51976,1,0,5,0
WPA_52310,1,0,6,0
WPA_51392,1,0,3,0
WPA_51562,1,0,1,0
WPA_51596,1,0,1,0
WPA_51627,1,0,2,0
WPA_51631,1,0,4,0
WPA_51685,1,0,5,0
WPA_51739,1,0,5,0
WPA_51742,1,0,4,0
WPA_51013,1,0,3,0
WPA_51166,1,0,3,0
WPA_51239,1,0,2,0
WPA_51269,1,0,5,0
WPA_51285,1,0,3,0
WPA_51335,1,0,5,0
WPA_51343,1,0,2,0
WPA_51373,1,0,3,0
WPA_50625,1,0,5,0
WPA_50639,1,0,4,0
WPA_50693,1,0,1,0
WPA_50894,1,0,1,0
WPA_50906,1,0,4,0
WPA_50953,1,0,4,0
WPA_50998,1,0,6,0
WPA_51007,1,0,0,0
WPA_53364,1,0,5,0
WPA_53368,1,0,6,0
WPA_53383,1,0,3,0
WPA_53385,1,0,2,0
WPA_53422,1,0,3,0
WPA_53447,1,0,3,0
WPA_53456,1,0,2,0
WPA_53471,1,0,5,0
WPA_53050,1,0,4,0
WPA_53088,1,0,2,0
WPA_53098,1,0,3,0
WPA_53205,1,0,3,0
WPA_53226,1,0,5,0
WPA_53266,1,0,3,0
WPA_53304,1,0,0,0
WPA_53361,1,0,2,0
WPA_52568,1,0,3,0
WPA_52590,1,0,5,0
WPA_52813,1,0,6,0
WPA_52868,1,0,4,0
WPA_52919,1,0,3,0
WPA_52924,1,0,2,0
WPA_53017,1,0,5,0
WPA_53041,1,0,2,0
WPA_52340,1,0,4,0
WPA_52342,1,0,5,0
WPA_52357,1,0,0,0
WPA_52473,1,0,5,0
WPA_52478,1,0,3,0
WPA_52533,1,0,4,0
WPA_52555,1,0,5,0
WPA_52567,1,0,6,0
WPA_54603,1,0,4,0
WPA_54652,1,0,4,0
WPA_54737,1,0,3,0
WPA_54759,1,0,2,0
WPA_54778,1,0,5,0
WPA_54784,1,0,3,0
WPA_54935,1,0,3,0
WPA_54940,1,0,5,0
WPA_54183,1,0,6,0
WPA_54307,1,0,2,0
WPA_54339,1,0,2,0
WPA_54398,1,0,3,0
WPA_54402,1,0,4,0
WPA_54463,1,0,4,0
WPA_54548,1,0,5,0
WPA_54577,1,0,4,0
WPA_53962,1,0,4,0
WPA_54013,1,0,1,0
WPA_54069,1,0,6,0
WPA_54082,1,0,2,0
WPA_54130,1,0,2,0
WPA_54150,1,0,3,0
WPA_54151,1,0,3,0
WPA_54156,1,0,4,0
WPA_53518,1,0,6,0
WPA_53522,1,0,1,0
WPA_53531,1,0,3,0
WPA_53571,1,0,1,0
WPA_53720,1,0,4,0
WPA_53781,1,0,3,0
WPA_53827,1,0,0,0
WPA_53889,1,0,3,0
WPA_56248,1,0,0,0
WPA_56255,1,0,6,0
WPA_56272,1,0,4,0
WPA_56321,1,0,5,0
WPA_56367,1,0,2,0
WPA_56373,1,0,6,0
WPA_56450,1,0,6,0
WPA_56498,1,0,6,0
WPA_55941,1,0,0,0
WPA_56055,1,0,5,0
WPA_56067,1,0,4,0
WPA_56098,1,0,5,0
WPA_56103,1,0,4,0
WPA_56134,1,0,5,0
WPA_56179,1,0,5,0
WPA_56242,1,0,5,0
WPA_55186,1,0,4,0
WPA_55193,1,0,5,0
WPA_55398,1,0,0,0
WPA_55440,1,0,2,0
WPA_55632,1,0,6,0
WPA_55770,1,0,2,0
WPA_55775,1,0,4,0
WPA_55815,1,0,5,0
WPA_54947,1,0,2,0
WPA_54953,1,0,6,0
WPA_54999,1,0,5,0
WPA_55000,1,0,6,0
WPA_55046,1,0,6,0
WPA_55162,1,0,0,0
WPA_55168,1,0,6,0
WPA_55175,1,0,5,0
WPA_57656,1,0,3,0
WPA_57713,1,0,4,0
WPA_57727,1,0,2,0
WPA_57775,1,0,6,0
WPA_57820,1,0,6,0
WPA_57850,1,0,3,0
WPA_57882,1,0,4,0
WPA_57915,1,0,2,0
WPA_57344,1,0,1,0
WPA_57389,1,0,2,0
WPA_57432,1,0,4,0
WPA_57434,1,0,5,0
WPA_57440,1,0,5,0
WPA_57554,1,0,6,0
WPA_57589,1,0,5,0
WPA_57606,1,0,6,0
WPA_56886,1,0,4,0
WPA_56898,1,0,6,0
WPA_56954,1,0,3,0
WPA_56988,1,0,1,0
WPA_57069,1,0,4,0
WPA_57149,1,1,0,0
WPA_57266,1,0,4,0
WPA_57296,1,0,5,0
WPA_56568,1,0,4,0
WPA_56586,1,0,6,0
WPA_56607,1,0,5,0
WPA_56668,1,0,0,0
WPA_56712,1,0,5,0
WPA_56791,1,0,3,0
WPA_56809,1,0,2,0
WPA_56810,1,0,4,0
WPA_9730,1,0,6,0
WPA_9737,1,0,5,0
WPA_9757,1,0,6,0
WPA_9849,1,0,5,0
WPA_9866,1,0,5,0
WPA_9876,1,0,5,0
WPA_9896,1,0,3,0
WPA_9918,1,0,6,0
WPA_58765,1,0,1,0
WPA_58804,1,0,5,0
WPA_58838,1,0,2,0
WPA_9563,1,0,6,0
WPA_9606,1,0,6,0
WPA_9670,1,0,6,0
WPA_9693,1,0,1,0
WPA_9726,1,0,4,0
WPA_58334,1,0,4,0
WPA_58344,1,0,2,0
WPA_58524,1,0,5,0
WPA_58529,1,0,2,0
WPA_58552,1,0,3,0
WPA_58578,1,0,2,0
WPA_58581,1,0,4,0
WPA_58586,1,0,5,0
WPA_57992,1,0,4,0
WPA_58000,1,0,6,0
WPA_58012,1,0,2,0
WPA_58062,1,0,4,0
WPA_58070,1,0,6,0
WPA_58078,1,0,4,0
WPA_58178,1,0,5,0
WPA_58186,1,0,4,0
WPA_59432,1,0,2,0
WPA_59491,1,0,4,0
WPA_59550,1,0,5,0
WPA_59797,1,0,6,0
WPA_59879,1,0,6,0
WPA_59896,1,0,3,0
WPA_59984,1,0,5,0
WPA_60066,1,0,6,0
WPA_58850,1,0,3,0
WPA_58950,1,0,5,0
WPA_59066,1,0,1,0
WPA_59190,1,0,4,0
WPA_59267,1,0,2,0
WPA_59313,1,0,1,0
WPA_59317,1,0,4,0
WPA_59360,1,0,6,0
WPA_10292,1,0,6,0
WPA_10305,1,0,3,0
WPA_10311,1,0,4,0
WPA_10315,1,0,1,0
WPA_10354,1,0,6,0
WPA_10424,1,0,6,0
WPA_10436,1,0,1,0
WPA_10494,1,0,3,0
WPA_9960,1,0,3,0
WPA_10001,1,0,3,0
WPA_10013,1,0,1,0
WPA_10063,1,0,3,0
WPA_10073,1,0,2,0
WPA_10245,1,0,3,0
WPA_10260,1,0,5,0
WPA_10264,1,0,2,0
WPA_61628,1,1,0,0
WPA_61679,1,0,4,0
WPA_61754,1,0,5,0
WPA_61820,1,0,6,0
WPA_61852,1,0,5,0
WPA_61864,1,0,4,0
WPA_61938,1,0,1,0
WPA_62022,1,0,4,0
WPA_60999,1,0,3,0
WPA_61125,1,0,4,0
WPA_61215,1,0,4,0
WPA_61242,1,0,0,0
WPA_61456,1,0,1,0
WPA_61463,1,0,3,0
WPA_61531,1,0,3,0
WPA_61582,1,0,1,0
WPA_60432,1,0,4,0
WPA_60566,1,0,5,0
WPA_60578,1,0,3,0
WPA_60586,1,0,3,0
WPA_60650,1,0,2,0
WPA_60761,1,0,2,0
WPA_60819,1,0,4,0
WPA_60932,1,0,4,0
WPA_60186,1,0,5,0
WPA_60195,1,0,4,0
WPA_60210,1,0,4,0
WPA_60254,1,0,6,0
WPA_60280,1,0,0,0
WPA_60293,1,0,6,0
WPA_60312,1,0,2,0
WPA_60425,1,0,2,0
WPA_63138,1,0,4,0
WPA_63146,1,0,1,0
WPA_63150,1,0,4,0
WPA_63193,1,0,1,0
WPA_63295,1,0,3,0
WPA_63304,1,0,4,0
WPA_63462,1,0,3,0
WPA_63510,1,0,4,0
WPA_62823,1,0,4,0
WPA_62891,1,0,4,0
WPA_62900,1,0,1,0
WPA_62914,1,0,5,0
WPA_63014,1,0,6,0
WPA_63066,1,0,3,0
WPA_63114,1,0,6,0
WPA_63126,1,0,4,0
WPA_62424,1,0,5,0
WPA_62514,1,0,2,0
WPA_62531,1,0,4,0
WPA_62538,1,0,2,0
WPA_62570,1,0,1,0
WPA_62671,1,0,4,0
WPA_62681,1,0,5,0
WPA_62755,1,0,3,0
WPA_62033,1,0,3,0
WPA_62059,1,0,5,0
WPA_62165,1,0,3,0
WPA_62177,1,0,4,0
WPA_62217,1,0,5,0
WPA_62287,1,0,3,0
WPA_62376,1,0,3,0
WPA_62404,1,0,6,0
WPA_64776,1,0,4,0
WPA_64806,1,0,6,0
WPA_64872,1,0,6,0
WPA_64919,1,0,2,0
WPA_65037,1,0,2,0
WPA_65045,1,0,3,0
WPA_65070,1,0,4,0
WPA_65079,1,0,5,0
WPA_64344,1,0,3,0
WPA_64347,1,0,6,0
WPA_64450,1,0,1,0
WPA_64492,1,0,1,0
WPA_64635,1,0,3,0
WPA_64751,1,0,4,0
WPA_64759,1,0,2,0
WPA_64767,1,0,3,0
WPA_64077,1,0,5,0
WPA_64094,1,0,6,0
WPA_64097,1,0,0,0
WPA_64105,1,0,5,0
WPA_64128,1,0,5,0
WPA_64142,1,0,4,0
WPA_64230,1,0,2,0
WPA_64287,1,0,4,0
WPA_63536,1,0,4,0
WPA_63709,1,0,1,0
WPA_63726,1,0,4,0
WPA_63774,1,0,2,0
WPA_63829,1,0,6,0
WPA_63900,1,0,4,0
WPA_63994,1,0,4,0
WPA_64059,1,0,6,0
WPA_66316,1,0,2,0
WPA_66344,1,0,3,0
WPA_66458,1,0,1,0
WPA_66464,1,0,5,0
WPA_66676,1,0,3,0
WPA_66713,1,0,4,0
WPA_66798,1,0,5,0
WPA_66800,1,0,5,0
WPA_65902,1,0,5,0
WPA_65917,1,0,3,0
WPA_65941,1,0,5,0
WPA_65977,1,0,2,0
WPA_65985,1,1,0,0
WPA_66159,1,0,6,0
WPA_66180,1,0,2,0
WPA_66184,1,0,3,0
WPA_65479,1,0,6,0
WPA_65536,1,0,6,0
WPA_65540,1,0,2,0
WPA_65602,1,0,1,0
WPA_65700,1,0,3,0
WPA_65727,1,0,5,0
WPA_65850,1,0,1,0
WPA_65886,1,0,2,0
WPA_65124,1,0,3,0
WPA_65215,1,0,3,0
WPA_65261,1,0,5,0
WPA_65300,1,0,3,0
WPA_65330,1,0,3,0
WPA_65341,1,0,6,0
WPA_65450,1,0,4,0
WPA_65463,1,0,4,0
WPA_9055,1,0,6,0
WPA_9056,1,0,1,0
WPA_9064,1,0,3,0
WPA_9096,1,0,1,0
WPA_9145,1,0,4,0
WPA_9150,1,0,6,0
WPA_9190,1,0,3,0
WPA_9204,1,0,6,0
WPA_67919,1,0,3,0
WPA_8879,1,0,2,0
WPA_8928,1,0,2,0
WPA_8941,1,0,6,0
WPA_8966,1,0,0,0
WPA_8983,1,0,5,0
WPA_8986,1,0,5,0
WPA_9048,1,0,4,0
WPA_67543,1,0,5,0
WPA_67547,1,0,1,0
WPA_67580,1,0,1,0
WPA_67650,1,0,4,0
WPA_67697,1,0,5,0
WPA_67760,1,0,1,0
WPA_67820,1,0,2,0
WPA_67864,1,0,3,0
WPA_66813,1,0,4,0
WPA_66949,1,0,4,0
WPA_67076,1,0,5,0
WPA_67092,1,0,1,0
WPA_67219,1,0,2,0
WPA_67267,1,0,6,0
WPA_67349,1,0,5,0
WPA_67439,1,0,1,0
WPA_68451,1,0,2,0
WPA_68463,1,0,3,0
WPA_68493,1,0,2,0
WPA_68509,1,0,4,0
WPA_68557,1,0,5,0
WPA_68653,1,0,4,0
WPA_68718,1,0,4,0
WPA_68722,1,0,6,0
WPA_9537,1,0,6,0
WPA_67991,1,0,2,0
WPA_68104,1,0,2,0
WPA_68180,1,0,6,0
WPA_68181,1,0,4,0
WPA_68397,1,0,6,0
WPA_68401,1,0,4,0
WPA_68438,1,0,5,0
WPA_9434,1,0,6,0
WPA_9436,1,0,1,0
WPA_9447,1,0,6,0
WPA_9448,1,0,6,0
WPA_9452,1,0,4,0
WPA_9515,1,0,6,0
WPA_9531,1,0,6,0
WPA_9535,1,0,3,0
WPA_9211,1,0,4,0
WPA_9295,1,0,6,0
WPA_9351,1,0,5,0
WPA_9358,1,0,4,0
WPA_9368,1,0,6,0
WPA_9381,1,0,5,0
WPA_9397,1,0,3,0
WPA_9421,1,0,6,0
WPA_70023,1,0,5,0
WPA_70230,1,0,5,0
WPA_70249,1,0,6,0
WPA_70303,1,0,0,0
WPA_70354,1,0,2,0
WPA_70378,1,0,2,0
WPA_70382,1,0,6,0
WPA_70466,1,0,0,0
WPA_69535,1,0,3,0
WPA_69675,1,0,4,0
WPA_69747,1,0,5,0
WPA_69816,1,0,4,0
WPA_69870,1,0,6,0
WPA_69943,1,0,3,0
WPA_69963,1,0,2,0
WPA_69973,1,0,5,0
WPA_69080,1,0,6,0
WPA_69093,1,0,5,0
WPA_69212,1,0,4,0
WPA_69270,1,0,2,0
WPA_69276,1,0,6,0
WPA_69352,1,0,5,0
WPA_69446,1,0,5,0
WPA_69527,1,0,3,0
WPA_68727,1,0,6,0
WPA_68779,1,0,3,0
WPA_68852,1,0,3,0
WPA_68894,1,0,4,0
WPA_69003,1,0,4,0
WPA_69021,1,0,5,0
WPA_69037,1,0,3,0
WPA_69049,1,0,6,0
WPA_72258,1,0,6,0
WPA_72296,1,0,5,0
WPA_72297,1,0,6,0
WPA_72304,1,0,5,0
WPA_72320,1,0,5,0
WPA_72434,1,0,5,0
WPA_72454,1,0,3,0
WPA_72477,1,0,6,0
WPA_71705,1,0,4,0
WPA_71776,1,0,1,0
WPA_71837,1,0,5,0
WPA_71861,1,0,6,0
WPA_72107,1,0,5,0
WPA_72114,1,0,2,0
WPA_72120,1,0,4,0
WPA_72129,1,0,5,0
WPA_70998,1,0,2,0
WPA_71074,1,0,2,0
WPA_71149,1,0,1,0
WPA_71320,1,0,2,0
WPA_71421,1,0,5,0
WPA_71490,1,0,6,0
WPA_71636,1,0,6,0
WPA_71657,1,0,6,0
WPA_70587,1,0,6,0
WPA_70613,1,0,5,0
WPA_70650,1,0,3,0
WPA_70742,1,0,4,0
WPA_70761,1,0,3,0
WPA_70764,1,0,3,0
WPA_70895,1,0,2,0
WPA_70986,1,0,6,0
WPA_73547,1,0,5,0
WPA_73620,1,0,6,0
WPA_73629,1,0,6,0
WPA_73992,1,0,5,0
WPA_74068,1,0,2,0
WPA_74088,1,0,2,0
WPA_74112,1,0,4,0
WPA_74114,1,0,3,0
WPA_73397,1,0,4,0
WPA_73441,1,0,3,0
WPA_73453,1,0,6,0
WPA_73484,1,0,3,0
WPA_73491,1,0,5,0
WPA_73502,1,0,6,0
WPA_73504,1,0,4,0
WPA_73544,1,0,3,0
WPA_73065,1,0,5,0
WPA_73081,1,0,1,0
WPA_73092,1,0,3,0
WPA_73147,1,0,4,0
WPA_73185,1,0,6,0
WPA_73198,1,0,0,0
WPA_73231,1,0,3,0
WPA_73322,1,0,6,0
WPA_72533,1,0,5,0
WPA_72558,1,0,5,0
WPA_72603,1,0,1,0
WPA_72871,1,0,6,0
WPA_72875,1,0,5,0
WPA_72898,1,0,3,0
WPA_72940,1,0,1,0
WPA_72959,1,0,2,0
WPA_7868,1,0,6,0
WPA_7886,1,0,4,0
WPA_7946,1,0,3,0
WPA_7977,1,0,2,0
WPA_7997,1,0,3,0
WPA_8015,1,0,3,0
WPA_8099,1,0,6,0
WPA_8102,1,0,2,0
WPA_75171,1,0,5,0
WPA_75209,1,0,3,0
WPA_75240,1,0,4,0
WPA_75473,1,0,2,0
WPA_75474,1,0,6,0
WPA_7801,1,0,6,0
WPA_7842,1,0,6,0
WPA_7853,1,0,6,0
WPA_74667,1,0,6,0
WPA_74679,1,0,5,0
WPA_74910,1,0,6,0
WPA_74995,1,0,2,0
WPA_75011,1,0,6,0
WPA_75023,1,0,4,0
WPA_75109,1,0,5,0
WPA_75136,1,0,5,0
WPA_74326,1,0,0,0
WPA_74343,1,0,0,0
WPA_74432,1,0,6,0
WPA_74481,1,0,2,0
WPA_74487,1,0,4,0
WPA_74527,1,0,5,0
WPA_74640,1,0,2,0
WPA_74641,1,0,2,0
WPA_75864,1,0,5,0
WPA_75873,1,0,4,0
WPA_75907,1,0,5,0
WPA_75919,1,0,6,0
WPA_75984,1,0,2,0
WPA_76003,1,0,2,0
WPA_76156,1,0,4,0
WPA_76208,1,0,4,0
WPA_8709,1,0,6,0
WPA_8785,1,0,4,0
WPA_8801,1,0,3,0
WPA_8832,1,0,6,0
WPA_75549,1,0,1,0
WPA_75595,1,0,5,0
WPA_75744,1,0,1,0
WPA_75850,1,0,2,0
WPA_8480,1,0,6,0
WPA_8487,1,0,6,0
WPA_8490,1,1,0,0
WPA_8506,1,0,6,0
WPA_8529,1,0,3,0
WPA_8530,1,0,2,0
WPA_8576,1,0,2,0
WPA_8586,1,0,3,0
WPA_8113,1,0,1,0
WPA_8139,1,0,4,0
WPA_8247,1,0,2,0
WPA_8250,1,0,4,0
WPA_8288,1,0,4,0
WPA_8419,1,0,3,0
WPA_8437,1,0,6,0
WPA_8461,1,0,6,0
WPA_77223,1,0,4,0
WPA_77254,1,0,3,0
WPA_77563,1,0,6,0
WPA_77609,1,0,3,0
WPA_77656,1,0,2,0
WPA_77681,1,0,4,0
WPA_77709,1,0,4,0
WPA_77791,1,0,4,0
WPA_76849,1,0,4,0
WPA_76900,1,0,5,0
WPA_77000,1,0,4,0
WPA_77044,1,0,4,0
WPA_77061,1,0,0,0
WPA_77080,1,0,2,0
WPA_77095,1,0,5,0
WPA_77160,1,0,3,0
WPA_76641,1,0,2,0
WPA_76643,1,0,5,0
WPA_76649,1,0,1,0
WPA_76760,1,0,2,0
WPA_76780,1,0,3,0
WPA_76805,1,0,0,0
WPA_76831,1,0,5,0
WPA_76837,1,0,4,0
WPA_76249,1,0,2,0
WPA_76259,1,0,1,0
WPA_76314,1,0,3,0
WPA_76355,1,0,4,0
WPA_76487,1,0,0,0
WPA_76499,1,0,3,0
WPA_76505,1,0,4,0
WPA_76594,1,0,3,0
WPA_79716,1,0,1,0
WPA_79773,1,0,2,0
WPA_79811,1,0,3,0
WPA_79831,1,0,1,0
WPA_79851,1,0,6,0
WPA_79888,1,0,4,0
WPA_79919,1,0,6,0
WPA_79968,1,0,3,0
WPA_78838,1,0,0,0
WPA_78868,1,0,5,0
WPA_78869,1,0,5,0
WPA_78911,1,0,2,0
WPA_79039,1,0,5,0
WPA_79232,1,0,3,0
WPA_79233,1,0,5,0
WPA_79323,1,0,4,0
WPA_78232,1,0,6,0
WPA_78339,1,0,1,0
WPA_78381,1,0,6,0
WPA_78606,1,0,4,0
WPA_78700,1,0,5,0
WPA_78723,1,0,3,0
WPA_78796,1,0,5,0
WPA_78805,1,0,3,0
WPA_77881,1,0,1,0
WPA_77925,1,0,5,0
WPA_78050,1,0,6,0
WPA_78051,1,0,3,0
WPA_78169,1,0,1,0
WPA_78181,1,0,4,0
WPA_78216,1,0,6,0
WPA_78219,1,0,5,0
WPA_81882,1,0,4,0
WPA_81930,1,0,1,0
WPA_81964,1,0,6,0
WPA_82039,1,0,4,0
WPA_82108,1,0,4,0
WPA_82204,1,0,4,0
WPA_82281,1,0,6,0
WPA_82412,1,0,0,0
WPA_81439,1,0,2,0
WPA_81460,1,0,3,0
WPA_81506,1,0,4,0
WPA_81521,1,0,3,0
WPA_81602,1,0,3,0
WPA_81616,1,0,5,0
WPA_81755,1,0,6,0
WPA_81835,1,0,3,0
WPA_80646,1,0,2,0
WPA_80766,1,0,5,0
WPA_80936,1,0,5,0
WPA_80960,1,0,6,0
WPA_81093,1,0,4,0
WPA_81177,1,0,5,0
WPA_81271,1,0,5,0
WPA_81323,1,0,6,0
